"Variable","Coefficient","Selected"
"(Intercept)",-1.41734335148435,"Yes"
"age",-0.00551483942210327,"Yes"
"genderMale",0.107846096047761,"Yes"
"genderUnknown",0.139795009454327,"Yes"
"dependents",0.0297351846744952,"Yes"
"occupationretired",0,"No"
"occupationsalaried",0,"No"
"occupationself_employed",0.210275596084125,"Yes"
"occupationstudent",-0.0915656362986304,"Yes"
"occupationUnknown",-0.179043945447893,"Yes"
"customer_nw_category",0.0337323550794087,"Yes"
"current_balance",-0.000114592398494851,"Yes"
"current_month_credit",-4.02172086761744e-06,"Yes"
"previous_month_credit",-3.26302672412928e-06,"Yes"
"current_month_debit",7.60199659463439e-06,"Yes"
"previous_month_debit",1.32663346568454e-05,"Yes"
"current_month_balance",4.17179755475349e-05,"Yes"
"previous_month_balance",4.97497655399184e-05,"Yes"
"dependents_missing",0.20035634611989,"Yes"
"last_transaction_missing",-0.810562167365049,"Yes"
